"","DateTime","FW","WSSC","WA_GF","WA_LF","LW"
"1","dummy-row",NA,NA,NA,NA,NA
"2","dummy-row",NA,NA,NA,NA,NA
"3","dummy-row",NA,NA,NA,NA,NA
"4","dummy-row",NA,NA,NA,NA,NA
"5","dummy-row",NA,NA,NA,NA,NA
"6","dummy-row",NA,NA,NA,NA,NA
"7","dummy-row",NA,NA,NA,NA,NA
"8","dummy-row",NA,NA,NA,NA,NA
"9","dummy-row",NA,NA,NA,NA,NA
"10","dummy-row",NA,NA,NA,NA,NA
"11","2019-10-19 00:00:00",97.55,162.92,138.62,0,10.51
"12","2019-10-19 01:00:00",97.55,162.92,138.62,0,10.51
"13","2019-10-19 02:00:00",97.55,162.92,138.62,0,10.51
"14","2019-10-19 03:00:00",97.55,162.92,138.62,0,10.51
"15","2019-10-19 04:00:00",97.55,162.92,138.62,0,10.51
"16","2019-10-19 05:00:00",97.55,162.92,138.62,0,10.51
"17","2019-10-19 06:00:00",97.55,162.92,138.62,0,10.51
"18","2019-10-19 07:00:00",97.55,162.92,138.62,0,10.51
"19","2019-10-19 08:00:00",97.55,162.92,138.62,0,10.51
"20","2019-10-19 09:00:00",97.55,162.92,138.62,0,10.51
"21","2019-10-19 10:00:00",97.55,162.92,138.62,0,10.51
"22","2019-10-19 11:00:00",97.55,162.92,138.62,0,10.51
"23","2019-10-19 12:00:00",97.55,162.92,138.62,0,10.51
"24","2019-10-19 13:00:00",97.55,162.92,138.62,0,10.51
"25","2019-10-19 14:00:00",97.55,162.92,138.62,0,10.51
"26","2019-10-19 15:00:00",97.55,162.92,138.62,0,10.51
"27","2019-10-19 16:00:00",97.55,162.92,138.62,0,10.51
"28","2019-10-19 17:00:00",97.55,162.92,138.62,0,10.51
"29","2019-10-19 18:00:00",97.55,162.92,138.62,0,10.51
"30","2019-10-19 19:00:00",97.55,162.92,138.62,0,10.51
"31","2019-10-19 20:00:00",97.55,162.92,138.62,0,10.51
"32","2019-10-19 21:00:00",97.55,162.92,138.62,0,10.51
"33","2019-10-19 22:00:00",97.55,162.92,138.62,0,10.51
"34","2019-10-19 23:00:00",97.55,162.92,138.62,0,10.51
"35","2019-10-20 00:00:00",85.17,156.54,128.53,0,10.23
"36","2019-10-20 01:00:00",85.17,156.54,128.53,0,10.23
"37","2019-10-20 02:00:00",85.17,156.54,128.53,0,10.23
"38","2019-10-20 03:00:00",85.17,156.54,128.53,0,10.23
"39","2019-10-20 04:00:00",85.17,156.54,128.53,0,10.23
"40","2019-10-20 05:00:00",85.17,156.54,128.53,0,10.23
"41","2019-10-20 06:00:00",85.17,156.54,128.53,0,10.23
"42","2019-10-20 07:00:00",85.17,156.54,128.53,0,10.23
"43","2019-10-20 08:00:00",85.17,156.54,128.53,0,10.23
"44","2019-10-20 09:00:00",85.17,156.54,128.53,0,10.23
"45","2019-10-20 10:00:00",85.17,156.54,128.53,0,10.23
"46","2019-10-20 11:00:00",85.17,156.54,128.53,0,10.23
"47","2019-10-20 12:00:00",85.17,156.54,128.53,0,10.23
"48","2019-10-20 13:00:00",85.17,156.54,128.53,0,10.23
"49","2019-10-20 14:00:00",85.17,156.54,128.53,0,10.23
"50","2019-10-20 15:00:00",85.17,156.54,128.53,0,10.23
"51","2019-10-20 16:00:00",85.17,156.54,128.53,0,10.23
"52","2019-10-20 17:00:00",85.17,156.54,128.53,0,10.23
"53","2019-10-20 18:00:00",85.17,156.54,128.53,0,10.23
"54","2019-10-20 19:00:00",85.17,156.54,128.53,0,10.23
"55","2019-10-20 20:00:00",85.17,156.54,128.53,0,10.23
"56","2019-10-20 21:00:00",85.17,156.54,128.53,0,10.23
"57","2019-10-20 22:00:00",85.17,156.54,128.53,0,10.23
"58","2019-10-20 23:00:00",85.17,156.54,128.53,0,10.23
"59","2019-10-21 00:00:00",87.88,167.84,122.19,0,10
"60","2019-10-21 01:00:00",87.88,167.84,122.19,0,10
"61","2019-10-21 02:00:00",87.88,167.84,122.19,0,10
"62","2019-10-21 03:00:00",87.88,167.84,122.19,0,10
"63","2019-10-21 04:00:00",87.88,167.84,122.19,0,10
"64","2019-10-21 05:00:00",87.88,167.84,122.19,0,10
"65","2019-10-21 06:00:00",87.88,167.84,122.19,0,10
"66","2019-10-21 07:00:00",87.88,167.84,122.19,0,10
"67","2019-10-21 08:00:00",87.88,167.84,122.19,0,10
"68","2019-10-21 09:00:00",87.88,167.84,122.19,0,10
"69","2019-10-21 10:00:00",87.88,167.84,122.19,0,10
"70","2019-10-21 11:00:00",87.88,167.84,122.19,0,10
"71","2019-10-21 12:00:00",87.88,167.84,122.19,0,10
"72","2019-10-21 13:00:00",87.88,167.84,122.19,0,10
"73","2019-10-21 14:00:00",87.88,167.84,122.19,0,10
"74","2019-10-21 15:00:00",87.88,167.84,122.19,0,10
"75","2019-10-21 16:00:00",87.88,167.84,122.19,0,10
"76","2019-10-21 17:00:00",87.88,167.84,122.19,0,10
"77","2019-10-21 18:00:00",87.88,167.84,122.19,0,10
"78","2019-10-21 19:00:00",87.88,167.84,122.19,0,10
"79","2019-10-21 20:00:00",87.88,167.84,122.19,0,10
"80","2019-10-21 21:00:00",87.88,167.84,122.19,0,10
"81","2019-10-21 22:00:00",87.88,167.84,122.19,0,10
"82","2019-10-21 23:00:00",87.88,167.84,122.19,0,10
"83","2019-10-22 00:00:00",80.53,165.55,131.58,0,9.86
"84","2019-10-22 01:00:00",80.53,165.55,131.58,0,9.86
"85","2019-10-22 02:00:00",80.53,165.55,131.58,0,9.86
"86","2019-10-22 03:00:00",80.53,165.55,131.58,0,9.86
"87","2019-10-22 04:00:00",80.53,165.55,131.58,0,9.86
"88","2019-10-22 05:00:00",80.53,165.55,131.58,0,9.86
"89","2019-10-22 06:00:00",80.53,165.55,131.58,0,9.86
"90","2019-10-22 07:00:00",80.53,165.55,131.58,0,9.86
"91","2019-10-22 08:00:00",80.53,165.55,131.58,0,9.86
"92","2019-10-22 09:00:00",80.53,165.55,131.58,0,9.86
"93","2019-10-22 10:00:00",80.53,165.55,131.58,0,9.86
"94","2019-10-22 11:00:00",80.53,165.55,131.58,0,9.86
"95","2019-10-22 12:00:00",80.53,165.55,131.58,0,9.86
"96","2019-10-22 13:00:00",80.53,165.55,131.58,0,9.86
"97","2019-10-22 14:00:00",80.53,165.55,131.58,0,9.86
"98","2019-10-22 15:00:00",80.53,165.55,131.58,0,9.86
"99","2019-10-22 16:00:00",80.53,165.55,131.58,0,9.86
"100","2019-10-22 17:00:00",80.53,165.55,131.58,0,9.86
"101","2019-10-22 18:00:00",80.53,165.55,131.58,0,9.86
"102","2019-10-22 19:00:00",80.53,165.55,131.58,0,9.86
"103","2019-10-22 20:00:00",80.53,165.55,131.58,0,9.86
"104","2019-10-22 21:00:00",80.53,165.55,131.58,0,9.86
"105","2019-10-22 22:00:00",80.53,165.55,131.58,0,9.86
"106","2019-10-22 23:00:00",80.53,165.55,131.58,0,9.86
"107","2019-10-23 00:00:00",78.01,152.86,129.09,0,10.11
"108","2019-10-23 01:00:00",78.01,152.86,129.09,0,10.11
"109","2019-10-23 02:00:00",78.01,152.86,129.09,0,10.11
"110","2019-10-23 03:00:00",78.01,152.86,129.09,0,10.11
"111","2019-10-23 04:00:00",78.01,152.86,129.09,0,10.11
"112","2019-10-23 05:00:00",78.01,152.86,129.09,0,10.11
"113","2019-10-23 06:00:00",78.01,152.86,129.09,0,10.11
"114","2019-10-23 07:00:00",78.01,152.86,129.09,0,10.11
"115","2019-10-23 08:00:00",78.01,152.86,129.09,0,10.11
"116","2019-10-23 09:00:00",78.01,152.86,129.09,0,10.11
"117","2019-10-23 10:00:00",78.01,152.86,129.09,0,10.11
"118","2019-10-23 11:00:00",78.01,152.86,129.09,0,10.11
"119","2019-10-23 12:00:00",78.01,152.86,129.09,0,10.11
"120","2019-10-23 13:00:00",78.01,152.86,129.09,0,10.11
"121","2019-10-23 14:00:00",78.01,152.86,129.09,0,10.11
"122","2019-10-23 15:00:00",78.01,152.86,129.09,0,10.11
"123","2019-10-23 16:00:00",78.01,152.86,129.09,0,10.11
"124","2019-10-23 17:00:00",78.01,152.86,129.09,0,10.11
"125","2019-10-23 18:00:00",78.01,152.86,129.09,0,10.11
"126","2019-10-23 19:00:00",78.01,152.86,129.09,0,10.11
"127","2019-10-23 20:00:00",78.01,152.86,129.09,0,10.11
"128","2019-10-23 21:00:00",78.01,152.86,129.09,0,10.11
"129","2019-10-23 22:00:00",78.01,152.86,129.09,0,10.11
"130","2019-10-23 23:00:00",78.01,152.86,129.09,0,10.11
"131","2019-10-24 00:00:00",79.4,152.03,132.37,0,10.45
"132","2019-10-24 01:00:00",79.4,152.03,132.37,0,10.45
"133","2019-10-24 02:00:00",79.4,152.03,132.37,0,10.45
"134","2019-10-24 03:00:00",79.4,152.03,132.37,0,10.45
"135","2019-10-24 04:00:00",79.4,152.03,132.37,0,10.45
"136","2019-10-24 05:00:00",79.4,152.03,132.37,0,10.45
"137","2019-10-24 06:00:00",79.4,152.03,132.37,0,10.45
"138","2019-10-24 07:00:00",79.4,152.03,132.37,0,10.45
"139","2019-10-24 08:00:00",79.4,152.03,132.37,0,10.45
"140","2019-10-24 09:00:00",79.4,152.03,132.37,0,10.45
"141","2019-10-24 10:00:00",79.4,152.03,132.37,0,10.45
"142","2019-10-24 11:00:00",79.4,152.03,132.37,0,10.45
"143","2019-10-24 12:00:00",79.4,152.03,132.37,0,10.45
"144","2019-10-24 13:00:00",79.4,152.03,132.37,0,10.45
"145","2019-10-24 14:00:00",79.4,152.03,132.37,0,10.45
"146","2019-10-24 15:00:00",79.4,152.03,132.37,0,10.45
"147","2019-10-24 16:00:00",79.4,152.03,132.37,0,10.45
"148","2019-10-24 17:00:00",79.4,152.03,132.37,0,10.45
"149","2019-10-24 18:00:00",79.4,152.03,132.37,0,10.45
"150","2019-10-24 19:00:00",79.4,152.03,132.37,0,10.45
"151","2019-10-24 20:00:00",79.4,152.03,132.37,0,10.45
"152","2019-10-24 21:00:00",79.4,152.03,132.37,0,10.45
"153","2019-10-24 22:00:00",79.4,152.03,132.37,0,10.45
"154","2019-10-24 23:00:00",79.4,152.03,132.37,0,10.45
"155","2019-10-25 00:00:00",83.82,157.12,136.18,0,10.87
"156","2019-10-25 01:00:00",83.82,157.12,136.18,0,10.87
"157","2019-10-25 02:00:00",83.82,157.12,136.18,0,10.87
"158","2019-10-25 03:00:00",83.82,157.12,136.18,0,10.87
"159","2019-10-25 04:00:00",83.82,157.12,136.18,0,10.87
"160","2019-10-25 05:00:00",83.82,157.12,136.18,0,10.87
"161","2019-10-25 06:00:00",83.82,157.12,136.18,0,10.87
"162","2019-10-25 07:00:00",83.82,157.12,136.18,0,10.87
"163","2019-10-25 08:00:00",83.82,157.12,136.18,0,10.87
"164","2019-10-25 09:00:00",83.82,157.12,136.18,0,10.87
"165","2019-10-25 10:00:00",83.82,157.12,136.18,0,10.87
"166","2019-10-25 11:00:00",83.82,157.12,136.18,0,10.87
"167","2019-10-25 12:00:00",83.82,157.12,136.18,0,10.87
"168","2019-10-25 13:00:00",83.82,157.12,136.18,0,10.87
"169","2019-10-25 14:00:00",83.82,157.12,136.18,0,10.87
"170","2019-10-25 15:00:00",83.82,157.12,136.18,0,10.87
"171","2019-10-25 16:00:00",83.82,157.12,136.18,0,10.87
"172","2019-10-25 17:00:00",83.82,157.12,136.18,0,10.87
"173","2019-10-25 18:00:00",83.82,157.12,136.18,0,10.87
"174","2019-10-25 19:00:00",83.82,157.12,136.18,0,10.87
"175","2019-10-25 20:00:00",83.82,157.12,136.18,0,10.87
"176","2019-10-25 21:00:00",83.82,157.12,136.18,0,10.87
"177","2019-10-25 22:00:00",83.82,157.12,136.18,0,10.87
"178","2019-10-25 23:00:00",83.82,157.12,136.18,0,10.87
"179","2019-10-26 00:00:00",83.29,158.61,119.99,0,10.3
"180","2019-10-26 01:00:00",83.29,158.61,119.99,0,10.3
"181","2019-10-26 02:00:00",83.29,158.61,119.99,0,10.3
"182","2019-10-26 03:00:00",83.29,158.61,119.99,0,10.3
"183","2019-10-26 04:00:00",83.29,158.61,119.99,0,10.3
"184","2019-10-26 05:00:00",83.29,158.61,119.99,0,10.3
"185","2019-10-26 06:00:00",83.29,158.61,119.99,0,10.3
"186","2019-10-26 07:00:00",83.29,158.61,119.99,0,10.3
"187","2019-10-26 08:00:00",83.29,158.61,119.99,0,10.3
"188","2019-10-26 09:00:00",83.29,158.61,119.99,0,10.3
"189","2019-10-26 10:00:00",83.29,158.61,119.99,0,10.3
"190","2019-10-26 11:00:00",83.29,158.61,119.99,0,10.3
"191","2019-10-26 12:00:00",83.29,158.61,119.99,0,10.3
"192","2019-10-26 13:00:00",83.29,158.61,119.99,0,10.3
"193","2019-10-26 14:00:00",83.29,158.61,119.99,0,10.3
"194","2019-10-26 15:00:00",83.29,158.61,119.99,0,10.3
"195","2019-10-26 16:00:00",83.29,158.61,119.99,0,10.3
"196","2019-10-26 17:00:00",83.29,158.61,119.99,0,10.3
"197","2019-10-26 18:00:00",83.29,158.61,119.99,0,10.3
"198","2019-10-26 19:00:00",83.29,158.61,119.99,0,10.3
"199","2019-10-26 20:00:00",83.29,158.61,119.99,0,10.3
"200","2019-10-26 21:00:00",83.29,158.61,119.99,0,10.3
"201","2019-10-26 22:00:00",83.29,158.61,119.99,0,10.3
"202","2019-10-26 23:00:00",83.29,158.61,119.99,0,10.3
"203","2019-10-27 00:00:00",80.96,162.48,128.64,0,10.32
"204","2019-10-27 01:00:00",80.96,162.48,128.64,0,10.32
"205","2019-10-27 02:00:00",80.96,162.48,128.64,0,10.32
"206","2019-10-27 03:00:00",80.96,162.48,128.64,0,10.32
"207","2019-10-27 04:00:00",80.96,162.48,128.64,0,10.32
"208","2019-10-27 05:00:00",80.96,162.48,128.64,0,10.32
"209","2019-10-27 06:00:00",80.96,162.48,128.64,0,10.32
"210","2019-10-27 07:00:00",80.96,162.48,128.64,0,10.32
"211","2019-10-27 08:00:00",80.96,162.48,128.64,0,10.32
"212","2019-10-27 09:00:00",80.96,162.48,128.64,0,10.32
"213","2019-10-27 10:00:00",80.96,162.48,128.64,0,10.32
"214","2019-10-27 11:00:00",80.96,162.48,128.64,0,10.32
"215","2019-10-27 12:00:00",80.96,162.48,128.64,0,10.32
"216","2019-10-27 13:00:00",80.96,162.48,128.64,0,10.32
"217","2019-10-27 14:00:00",80.96,162.48,128.64,0,10.32
"218","2019-10-27 15:00:00",80.96,162.48,128.64,0,10.32
"219","2019-10-27 16:00:00",80.96,162.48,128.64,0,10.32
"220","2019-10-27 17:00:00",80.96,162.48,128.64,0,10.32
"221","2019-10-27 18:00:00",80.96,162.48,128.64,0,10.32
"222","2019-10-27 19:00:00",80.96,162.48,128.64,0,10.32
"223","2019-10-27 20:00:00",80.96,162.48,128.64,0,10.32
"224","2019-10-27 21:00:00",80.96,162.48,128.64,0,10.32
"225","2019-10-27 22:00:00",80.96,162.48,128.64,0,10.32
"226","2019-10-27 23:00:00",80.96,162.48,128.64,0,10.32
"227","2019-10-28 00:00:00",87.59,156.59,120.71,0,10.34
"228","2019-10-28 01:00:00",87.59,156.59,120.71,0,10.34
"229","2019-10-28 02:00:00",87.59,156.59,120.71,0,10.34
"230","2019-10-28 03:00:00",87.59,156.59,120.71,0,10.34
"231","2019-10-28 04:00:00",87.59,156.59,120.71,0,10.34
"232","2019-10-28 05:00:00",87.59,156.59,120.71,0,10.34
"233","2019-10-28 06:00:00",87.59,156.59,120.71,0,10.34
"234","2019-10-28 07:00:00",87.59,156.59,120.71,0,10.34
"235","2019-10-28 08:00:00",87.59,156.59,120.71,0,10.34
"236","2019-10-28 09:00:00",87.59,156.59,120.71,0,10.34
"237","2019-10-28 10:00:00",87.59,156.59,120.71,0,10.34
"238","2019-10-28 11:00:00",87.59,156.59,120.71,0,10.34
"239","2019-10-28 12:00:00",87.59,156.59,120.71,0,10.34
"240","2019-10-28 13:00:00",87.59,156.59,120.71,0,10.34
"241","2019-10-28 14:00:00",87.59,156.59,120.71,0,10.34
"242","2019-10-28 15:00:00",87.59,156.59,120.71,0,10.34
"243","2019-10-28 16:00:00",87.59,156.59,120.71,0,10.34
"244","2019-10-28 17:00:00",87.59,156.59,120.71,0,10.34
"245","2019-10-28 18:00:00",87.59,156.59,120.71,0,10.34
"246","2019-10-28 19:00:00",87.59,156.59,120.71,0,10.34
"247","2019-10-28 20:00:00",87.59,156.59,120.71,0,10.34
"248","2019-10-28 21:00:00",87.59,156.59,120.71,0,10.34
"249","2019-10-28 22:00:00",87.59,156.59,120.71,0,10.34
"250","2019-10-28 23:00:00",87.59,156.59,120.71,0,10.34
"251","2019-10-29 00:00:00",84.24,166.93,126.66,0,9.84
"252","2019-10-29 01:00:00",84.24,166.93,126.66,0,9.84
"253","2019-10-29 02:00:00",84.24,166.93,126.66,0,9.84
"254","2019-10-29 03:00:00",84.24,166.93,126.66,0,9.84
"255","2019-10-29 04:00:00",84.24,166.93,126.66,0,9.84
"256","2019-10-29 05:00:00",84.24,166.93,126.66,0,9.84
"257","2019-10-29 06:00:00",84.24,166.93,126.66,0,9.84
"258","2019-10-29 07:00:00",84.24,166.93,126.66,0,9.84
"259","2019-10-29 08:00:00",84.24,166.93,126.66,0,9.84
"260","2019-10-29 09:00:00",84.24,166.93,126.66,0,9.84
"261","2019-10-29 10:00:00",84.24,166.93,126.66,0,9.84
"262","2019-10-29 11:00:00",84.24,166.93,126.66,0,9.84
"263","2019-10-29 12:00:00",84.24,166.93,126.66,0,9.84
"264","2019-10-29 13:00:00",84.24,166.93,126.66,0,9.84
"265","2019-10-29 14:00:00",84.24,166.93,126.66,0,9.84
"266","2019-10-29 15:00:00",84.24,166.93,126.66,0,9.84
"267","2019-10-29 16:00:00",84.24,166.93,126.66,0,9.84
"268","2019-10-29 17:00:00",84.24,166.93,126.66,0,9.84
"269","2019-10-29 18:00:00",84.24,166.93,126.66,0,9.84
"270","2019-10-29 19:00:00",84.24,166.93,126.66,0,9.84
"271","2019-10-29 20:00:00",84.24,166.93,126.66,0,9.84
"272","2019-10-29 21:00:00",84.24,166.93,126.66,0,9.84
"273","2019-10-29 22:00:00",84.24,166.93,126.66,0,9.84
"274","2019-10-29 23:00:00",84.24,166.93,126.66,0,9.84
"275","2019-10-30 00:00:00",82.31,169.55,135.15,0,9.58
"276","2019-10-30 01:00:00",82.31,169.55,135.15,0,9.58
"277","2019-10-30 02:00:00",82.31,169.55,135.15,0,9.58
"278","2019-10-30 03:00:00",82.31,169.55,135.15,0,9.58
"279","2019-10-30 04:00:00",82.31,169.55,135.15,0,9.58
"280","2019-10-30 05:00:00",82.31,169.55,135.15,0,9.58
"281","2019-10-30 06:00:00",82.31,169.55,135.15,0,9.58
"282","2019-10-30 07:00:00",82.31,169.55,135.15,0,9.58
"283","2019-10-30 08:00:00",82.31,169.55,135.15,0,9.58
"284","2019-10-30 09:00:00",82.31,169.55,135.15,0,9.58
"285","2019-10-30 10:00:00",82.31,169.55,135.15,0,9.58
"286","2019-10-30 11:00:00",82.31,169.55,135.15,0,9.58
"287","2019-10-30 12:00:00",82.31,169.55,135.15,0,9.58
"288","2019-10-30 13:00:00",82.31,169.55,135.15,0,9.58
"289","2019-10-30 14:00:00",82.31,169.55,135.15,0,9.58
"290","2019-10-30 15:00:00",82.31,169.55,135.15,0,9.58
"291","2019-10-30 16:00:00",82.31,169.55,135.15,0,9.58
"292","2019-10-30 17:00:00",82.31,169.55,135.15,0,9.58
"293","2019-10-30 18:00:00",82.31,169.55,135.15,0,9.58
"294","2019-10-30 19:00:00",82.31,169.55,135.15,0,9.58
"295","2019-10-30 20:00:00",82.31,169.55,135.15,0,9.58
"296","2019-10-30 21:00:00",82.31,169.55,135.15,0,9.58
"297","2019-10-30 22:00:00",82.31,169.55,135.15,0,9.58
"298","2019-10-30 23:00:00",82.31,169.55,135.15,0,9.58
"299","2019-10-31 00:00:00",83.27,159.57,122.07,0,9.99
"300","2019-10-31 01:00:00",83.27,159.57,122.07,0,9.99
"301","2019-10-31 02:00:00",83.27,159.57,122.07,0,9.99
"302","2019-10-31 03:00:00",83.27,159.57,122.07,0,9.99
"303","2019-10-31 04:00:00",83.27,159.57,122.07,0,9.99
"304","2019-10-31 05:00:00",83.27,159.57,122.07,0,9.99
"305","2019-10-31 06:00:00",83.27,159.57,122.07,0,9.99
"306","2019-10-31 07:00:00",83.27,159.57,122.07,0,9.99
"307","2019-10-31 08:00:00",83.27,159.57,122.07,0,9.99
"308","2019-10-31 09:00:00",83.27,159.57,122.07,0,9.99
"309","2019-10-31 10:00:00",83.27,159.57,122.07,0,9.99
"310","2019-10-31 11:00:00",83.27,159.57,122.07,0,9.99
"311","2019-10-31 12:00:00",83.27,159.57,122.07,0,9.99
"312","2019-10-31 13:00:00",83.27,159.57,122.07,0,9.99
"313","2019-10-31 14:00:00",83.27,159.57,122.07,0,9.99
"314","2019-10-31 15:00:00",83.27,159.57,122.07,0,9.99
"315","2019-10-31 16:00:00",83.27,159.57,122.07,0,9.99
"316","2019-10-31 17:00:00",83.27,159.57,122.07,0,9.99
"317","2019-10-31 18:00:00",83.27,159.57,122.07,0,9.99
"318","2019-10-31 19:00:00",83.27,159.57,122.07,0,9.99
"319","2019-10-31 20:00:00",83.27,159.57,122.07,0,9.99
"320","2019-10-31 21:00:00",83.27,159.57,122.07,0,9.99
"321","2019-10-31 22:00:00",83.27,159.57,122.07,0,9.99
"322","2019-10-31 23:00:00",83.27,159.57,122.07,0,9.99
"323","2019-11-01 00:00:00",78.22,154.5,130.68,0,8.31
"324","2019-11-01 01:00:00",78.22,154.5,130.68,0,8.31
"325","2019-11-01 02:00:00",78.22,154.5,130.68,0,8.31
"326","2019-11-01 03:00:00",78.22,154.5,130.68,0,8.31
"327","2019-11-01 04:00:00",78.22,154.5,130.68,0,8.31
"328","2019-11-01 05:00:00",78.22,154.5,130.68,0,8.31
"329","2019-11-01 06:00:00",78.22,154.5,130.68,0,8.31
"330","2019-11-01 07:00:00",78.22,154.5,130.68,0,8.31
"331","2019-11-01 08:00:00",78.22,154.5,130.68,0,8.31
"332","2019-11-01 09:00:00",78.22,154.5,130.68,0,8.31
"333","2019-11-01 10:00:00",78.22,154.5,130.68,0,8.31
"334","2019-11-01 11:00:00",78.22,154.5,130.68,0,8.31
"335","2019-11-01 12:00:00",78.22,154.5,130.68,0,8.31
"336","2019-11-01 13:00:00",78.22,154.5,130.68,0,8.31
"337","2019-11-01 14:00:00",78.22,154.5,130.68,0,8.31
"338","2019-11-01 15:00:00",78.22,154.5,130.68,0,8.31
"339","2019-11-01 16:00:00",78.22,154.5,130.68,0,8.31
"340","2019-11-01 17:00:00",78.22,154.5,130.68,0,8.31
"341","2019-11-01 18:00:00",78.22,154.5,130.68,0,8.31
"342","2019-11-01 19:00:00",78.22,154.5,130.68,0,8.31
"343","2019-11-01 20:00:00",78.22,154.5,130.68,0,8.31
"344","2019-11-01 21:00:00",78.22,154.5,130.68,0,8.31
"345","2019-11-01 22:00:00",78.22,154.5,130.68,0,8.31
"346","2019-11-01 23:00:00",78.22,154.5,130.68,0,8.31
"347","2019-11-02 00:00:00",72.54,125.15,120.67,0,8.72
"348","2019-11-02 01:00:00",72.54,125.15,120.67,0,8.72
"349","2019-11-02 02:00:00",72.54,125.15,120.67,0,8.72
"350","2019-11-02 03:00:00",72.54,125.15,120.67,0,8.72
"351","2019-11-02 04:00:00",72.54,125.15,120.67,0,8.72
"352","2019-11-02 05:00:00",72.54,125.15,120.67,0,8.72
"353","2019-11-02 06:00:00",72.54,125.15,120.67,0,8.72
"354","2019-11-02 07:00:00",72.54,125.15,120.67,0,8.72
"355","2019-11-02 08:00:00",72.54,125.15,120.67,0,8.72
"356","2019-11-02 09:00:00",72.54,125.15,120.67,0,8.72
"357","2019-11-02 10:00:00",72.54,125.15,120.67,0,8.72
"358","2019-11-02 11:00:00",72.54,125.15,120.67,0,8.72
"359","2019-11-02 12:00:00",72.54,125.15,120.67,0,8.72
"360","2019-11-02 13:00:00",72.54,125.15,120.67,0,8.72
"361","2019-11-02 14:00:00",72.54,125.15,120.67,0,8.72
"362","2019-11-02 15:00:00",72.54,125.15,120.67,0,8.72
"363","2019-11-02 16:00:00",72.54,125.15,120.67,0,8.72
"364","2019-11-02 17:00:00",72.54,125.15,120.67,0,8.72
"365","2019-11-02 18:00:00",72.54,125.15,120.67,0,8.72
"366","2019-11-02 19:00:00",72.54,125.15,120.67,0,8.72
"367","2019-11-02 20:00:00",72.54,125.15,120.67,0,8.72
"368","2019-11-02 21:00:00",72.54,125.15,120.67,0,8.72
"369","2019-11-02 22:00:00",72.54,125.15,120.67,0,8.72
"370","2019-11-02 23:00:00",72.54,125.15,120.67,0,8.72
"371","2019-11-03 00:00:00",74.78,169.13,119.87,0,9.05
"372","2019-11-03 01:00:00",74.78,169.13,119.87,0,9.05
"373","2019-11-03 02:00:00",74.78,169.13,119.87,0,9.05
"374","2019-11-03 03:00:00",74.78,169.13,119.87,0,9.05
"375","2019-11-03 04:00:00",74.78,169.13,119.87,0,9.05
"376","2019-11-03 05:00:00",74.78,169.13,119.87,0,9.05
"377","2019-11-03 06:00:00",74.78,169.13,119.87,0,9.05
"378","2019-11-03 07:00:00",74.78,169.13,119.87,0,9.05
"379","2019-11-03 08:00:00",74.78,169.13,119.87,0,9.05
"380","2019-11-03 09:00:00",74.78,169.13,119.87,0,9.05
"381","2019-11-03 10:00:00",74.78,169.13,119.87,0,9.05
"382","2019-11-03 11:00:00",74.78,169.13,119.87,0,9.05
"383","2019-11-03 12:00:00",74.78,169.13,119.87,0,9.05
"384","2019-11-03 13:00:00",74.78,169.13,119.87,0,9.05
"385","2019-11-03 14:00:00",74.78,169.13,119.87,0,9.05
"386","2019-11-03 15:00:00",74.78,169.13,119.87,0,9.05
"387","2019-11-03 16:00:00",74.78,169.13,119.87,0,9.05
"388","2019-11-03 17:00:00",74.78,169.13,119.87,0,9.05
"389","2019-11-03 18:00:00",74.78,169.13,119.87,0,9.05
"390","2019-11-03 19:00:00",74.78,169.13,119.87,0,9.05
"391","2019-11-03 20:00:00",74.78,169.13,119.87,0,9.05
"392","2019-11-03 21:00:00",74.78,169.13,119.87,0,9.05
"393","2019-11-03 22:00:00",74.78,169.13,119.87,0,9.05
"394","2019-11-04 00:00:00",79.73,181.73,111.74,0,9.17
"395","2019-11-04 01:00:00",79.73,181.73,111.74,0,9.17
"396","2019-11-04 02:00:00",79.73,181.73,111.74,0,9.17
"397","2019-11-04 03:00:00",79.73,181.73,111.74,0,9.17
"398","2019-11-04 04:00:00",79.73,181.73,111.74,0,9.17
"399","2019-11-04 05:00:00",79.73,181.73,111.74,0,9.17
"400","2019-11-04 06:00:00",79.73,181.73,111.74,0,9.17
"401","2019-11-04 07:00:00",79.73,181.73,111.74,0,9.17
"402","2019-11-04 08:00:00",79.73,181.73,111.74,0,9.17
"403","2019-11-04 09:00:00",79.73,181.73,111.74,0,9.17
"404","2019-11-04 10:00:00",79.73,181.73,111.74,0,9.17
"405","2019-11-04 11:00:00",79.73,181.73,111.74,0,9.17
"406","2019-11-04 12:00:00",79.73,181.73,111.74,0,9.17
"407","2019-11-04 13:00:00",79.73,181.73,111.74,0,9.17
"408","2019-11-04 14:00:00",79.73,181.73,111.74,0,9.17
"409","2019-11-04 15:00:00",79.73,181.73,111.74,0,9.17
"410","2019-11-04 16:00:00",79.73,181.73,111.74,0,9.17
"411","2019-11-04 17:00:00",79.73,181.73,111.74,0,9.17
"412","2019-11-04 18:00:00",79.73,181.73,111.74,0,9.17
"413","2019-11-04 19:00:00",79.73,181.73,111.74,0,9.17
"414","2019-11-04 20:00:00",79.73,181.73,111.74,0,9.17
"415","2019-11-04 21:00:00",79.73,181.73,111.74,0,9.17
"416","2019-11-04 22:00:00",79.73,181.73,111.74,0,9.17
"417","2019-11-04 23:00:00",79.73,181.73,111.74,0,9.17
"418","2019-11-05 00:00:00",88.28,161.98,127.44,0,9.36
"419","2019-11-05 01:00:00",88.28,161.98,127.44,0,9.36
"420","2019-11-05 02:00:00",88.28,161.98,127.44,0,9.36
"421","2019-11-05 03:00:00",88.28,161.98,127.44,0,9.36
"422","2019-11-05 04:00:00",88.28,161.98,127.44,0,9.36
"423","2019-11-05 05:00:00",88.28,161.98,127.44,0,9.36
"424","2019-11-05 06:00:00",88.28,161.98,127.44,0,9.36
"425","2019-11-05 07:00:00",88.28,161.98,127.44,0,9.36
"426","2019-11-05 08:00:00",88.28,161.98,127.44,0,9.36
"427","2019-11-05 09:00:00",88.28,161.98,127.44,0,9.36
"428","2019-11-05 10:00:00",88.28,161.98,127.44,0,9.36
"429","2019-11-05 11:00:00",88.28,161.98,127.44,0,9.36
"430","2019-11-05 12:00:00",88.28,161.98,127.44,0,9.36
"431","2019-11-05 13:00:00",88.28,161.98,127.44,0,9.36
"432","2019-11-05 14:00:00",88.28,161.98,127.44,0,9.36
"433","2019-11-05 15:00:00",88.28,161.98,127.44,0,9.36
"434","2019-11-05 16:00:00",88.28,161.98,127.44,0,9.36
"435","2019-11-05 17:00:00",88.28,161.98,127.44,0,9.36
"436","2019-11-05 18:00:00",88.28,161.98,127.44,0,9.36
"437","2019-11-05 19:00:00",88.28,161.98,127.44,0,9.36
"438","2019-11-05 20:00:00",88.28,161.98,127.44,0,9.36
"439","2019-11-05 21:00:00",88.28,161.98,127.44,0,9.36
"440","2019-11-05 22:00:00",88.28,161.98,127.44,0,9.36
"441","2019-11-05 23:00:00",88.28,161.98,127.44,0,9.36
"442","2019-11-06 00:00:00",74.46,155.52,132.65,0,9.09
"443","2019-11-06 01:00:00",74.46,155.52,132.65,0,9.09
"444","2019-11-06 02:00:00",74.46,155.52,132.65,0,9.09
"445","2019-11-06 03:00:00",74.46,155.52,132.65,0,9.09
"446","2019-11-06 04:00:00",74.46,155.52,132.65,0,9.09
"447","2019-11-06 05:00:00",74.46,155.52,132.65,0,9.09
"448","2019-11-06 06:00:00",74.46,155.52,132.65,0,9.09
"449","2019-11-06 07:00:00",74.46,155.52,132.65,0,9.09
"450","2019-11-06 08:00:00",74.46,155.52,132.65,0,9.09
"451","2019-11-06 09:00:00",74.46,155.52,132.65,0,9.09
"452","2019-11-06 10:00:00",74.46,155.52,132.65,0,9.09
"453","2019-11-06 11:00:00",74.46,155.52,132.65,0,9.09
"454","2019-11-06 12:00:00",74.46,155.52,132.65,0,9.09
"455","2019-11-06 13:00:00",74.46,155.52,132.65,0,9.09
"456","2019-11-06 14:00:00",74.46,155.52,132.65,0,9.09
"457","2019-11-06 15:00:00",74.46,155.52,132.65,0,9.09
"458","2019-11-06 16:00:00",74.46,155.52,132.65,0,9.09
"459","2019-11-06 17:00:00",74.46,155.52,132.65,0,9.09
"460","2019-11-06 18:00:00",74.46,155.52,132.65,0,9.09
"461","2019-11-06 19:00:00",74.46,155.52,132.65,0,9.09
"462","2019-11-06 20:00:00",74.46,155.52,132.65,0,9.09
"463","2019-11-06 21:00:00",74.46,155.52,132.65,0,9.09
"464","2019-11-06 22:00:00",74.46,155.52,132.65,0,9.09
"465","2019-11-06 23:00:00",74.46,155.52,132.65,0,9.09
"466","2019-11-07 00:00:00",72.44,163.6,114.63,0,9.24
"467","2019-11-07 01:00:00",72.44,163.6,114.63,0,9.24
"468","2019-11-07 02:00:00",72.44,163.6,114.63,0,9.24
"469","2019-11-07 03:00:00",72.44,163.6,114.63,0,9.24
"470","2019-11-07 04:00:00",72.44,163.6,114.63,0,9.24
"471","2019-11-07 05:00:00",72.44,163.6,114.63,0,9.24
"472","2019-11-07 06:00:00",72.44,163.6,114.63,0,9.24
"473","2019-11-07 07:00:00",72.44,163.6,114.63,0,9.24
"474","2019-11-07 08:00:00",72.44,163.6,114.63,0,9.24
"475","2019-11-07 09:00:00",72.44,163.6,114.63,0,9.24
"476","2019-11-07 10:00:00",72.44,163.6,114.63,0,9.24
"477","2019-11-07 11:00:00",72.44,163.6,114.63,0,9.24
"478","2019-11-07 12:00:00",72.44,163.6,114.63,0,9.24
"479","2019-11-07 13:00:00",72.44,163.6,114.63,0,9.24
"480","2019-11-07 14:00:00",72.44,163.6,114.63,0,9.24
"481","2019-11-07 15:00:00",72.44,163.6,114.63,0,9.24
"482","2019-11-07 16:00:00",72.44,163.6,114.63,0,9.24
"483","2019-11-07 17:00:00",72.44,163.6,114.63,0,9.24
"484","2019-11-07 18:00:00",72.44,163.6,114.63,0,9.24
"485","2019-11-07 19:00:00",72.44,163.6,114.63,0,9.24
"486","2019-11-07 20:00:00",72.44,163.6,114.63,0,9.24
"487","2019-11-07 21:00:00",72.44,163.6,114.63,0,9.24
"488","2019-11-07 22:00:00",72.44,163.6,114.63,0,9.24
"489","2019-11-07 23:00:00",72.44,163.6,114.63,0,9.24
"490","2019-11-08 00:00:00",70.32,154.94,133.41,0,9.17
"491","2019-11-08 01:00:00",70.32,154.94,133.41,0,9.17
"492","2019-11-08 02:00:00",70.32,154.94,133.41,0,9.17
"493","2019-11-08 03:00:00",70.32,154.94,133.41,0,9.17
"494","2019-11-08 04:00:00",70.32,154.94,133.41,0,9.17
"495","2019-11-08 05:00:00",70.32,154.94,133.41,0,9.17
"496","2019-11-08 06:00:00",70.32,154.94,133.41,0,9.17
"497","2019-11-08 07:00:00",70.32,154.94,133.41,0,9.17
"498","2019-11-08 08:00:00",70.32,154.94,133.41,0,9.17
"499","2019-11-08 09:00:00",70.32,154.94,133.41,0,9.17
"500","2019-11-08 10:00:00",70.32,154.94,133.41,0,9.17
"501","2019-11-08 11:00:00",70.32,154.94,133.41,0,9.17
"502","2019-11-08 12:00:00",70.32,154.94,133.41,0,9.17
"503","2019-11-08 13:00:00",70.32,154.94,133.41,0,9.17
"504","2019-11-08 14:00:00",70.32,154.94,133.41,0,9.17
"505","2019-11-08 15:00:00",70.32,154.94,133.41,0,9.17
"506","2019-11-08 16:00:00",70.32,154.94,133.41,0,9.17
"507","2019-11-08 17:00:00",70.32,154.94,133.41,0,9.17
"508","2019-11-08 18:00:00",70.32,154.94,133.41,0,9.17
"509","2019-11-08 19:00:00",70.32,154.94,133.41,0,9.17
"510","2019-11-08 20:00:00",70.32,154.94,133.41,0,9.17
"511","2019-11-08 21:00:00",70.32,154.94,133.41,0,9.17
"512","2019-11-08 22:00:00",70.32,154.94,133.41,0,9.17
"513","2019-11-08 23:00:00",70.32,154.94,133.41,0,9.17
"514","2019-11-09 00:00:00",83.32,158.47,125.41,0,9.17
"515","2019-11-09 01:00:00",83.32,158.47,125.41,0,9.17
"516","2019-11-09 02:00:00",83.32,158.47,125.41,0,9.17
"517","2019-11-09 03:00:00",83.32,158.47,125.41,0,9.17
"518","2019-11-09 04:00:00",83.32,158.47,125.41,0,9.17
"519","2019-11-09 05:00:00",83.32,158.47,125.41,0,9.17
"520","2019-11-09 06:00:00",83.32,158.47,125.41,0,9.17
"521","2019-11-09 07:00:00",83.32,158.47,125.41,0,9.17
"522","2019-11-09 08:00:00",83.32,158.47,125.41,0,9.17
"523","2019-11-09 09:00:00",83.32,158.47,125.41,0,9.17
"524","2019-11-09 10:00:00",83.32,158.47,125.41,0,9.17
"525","2019-11-09 11:00:00",83.32,158.47,125.41,0,9.17
"526","2019-11-09 12:00:00",83.32,158.47,125.41,0,9.17
"527","2019-11-09 13:00:00",83.32,158.47,125.41,0,9.17
"528","2019-11-09 14:00:00",83.32,158.47,125.41,0,9.17
"529","2019-11-09 15:00:00",83.32,158.47,125.41,0,9.17
"530","2019-11-09 16:00:00",83.32,158.47,125.41,0,9.17
"531","2019-11-09 17:00:00",83.32,158.47,125.41,0,9.17
"532","2019-11-09 18:00:00",83.32,158.47,125.41,0,9.17
"533","2019-11-09 19:00:00",83.32,158.47,125.41,0,9.17
"534","2019-11-09 20:00:00",83.32,158.47,125.41,0,9.17
"535","2019-11-09 21:00:00",83.32,158.47,125.41,0,9.17
"536","2019-11-09 22:00:00",83.32,158.47,125.41,0,9.17
"537","2019-11-09 23:00:00",83.32,158.47,125.41,0,9.17
"538","2019-11-10 00:00:00",77.98,150.26,122.52,0,9.49
"539","2019-11-10 01:00:00",77.98,150.26,122.52,0,9.49
"540","2019-11-10 02:00:00",77.98,150.26,122.52,0,9.49
"541","2019-11-10 03:00:00",77.98,150.26,122.52,0,9.49
"542","2019-11-10 04:00:00",77.98,150.26,122.52,0,9.49
"543","2019-11-10 05:00:00",77.98,150.26,122.52,0,9.49
"544","2019-11-10 06:00:00",77.98,150.26,122.52,0,9.49
"545","2019-11-10 07:00:00",77.98,150.26,122.52,0,9.49
"546","2019-11-10 08:00:00",77.98,150.26,122.52,0,9.49
"547","2019-11-10 09:00:00",77.98,150.26,122.52,0,9.49
"548","2019-11-10 10:00:00",77.98,150.26,122.52,0,9.49
"549","2019-11-10 11:00:00",77.98,150.26,122.52,0,9.49
"550","2019-11-10 12:00:00",77.98,150.26,122.52,0,9.49
"551","2019-11-10 13:00:00",77.98,150.26,122.52,0,9.49
"552","2019-11-10 14:00:00",77.98,150.26,122.52,0,9.49
"553","2019-11-10 15:00:00",77.98,150.26,122.52,0,9.49
"554","2019-11-10 16:00:00",77.98,150.26,122.52,0,9.49
"555","2019-11-10 17:00:00",77.98,150.26,122.52,0,9.49
"556","2019-11-10 18:00:00",77.98,150.26,122.52,0,9.49
"557","2019-11-10 19:00:00",77.98,150.26,122.52,0,9.49
"558","2019-11-10 20:00:00",77.98,150.26,122.52,0,9.49
"559","2019-11-10 21:00:00",77.98,150.26,122.52,0,9.49
"560","2019-11-10 22:00:00",77.98,150.26,122.52,0,9.49
"561","2019-11-10 23:00:00",77.98,150.26,122.52,0,9.49
"562","2019-11-11 00:00:00",80.01,156.13,123.72,0,9.44
"563","2019-11-11 01:00:00",80.01,156.13,123.72,0,9.44
"564","2019-11-11 02:00:00",80.01,156.13,123.72,0,9.44
"565","2019-11-11 03:00:00",80.01,156.13,123.72,0,9.44
"566","2019-11-11 04:00:00",80.01,156.13,123.72,0,9.44
"567","2019-11-11 05:00:00",80.01,156.13,123.72,0,9.44
"568","2019-11-11 06:00:00",80.01,156.13,123.72,0,9.44
"569","2019-11-11 07:00:00",80.01,156.13,123.72,0,9.44
"570","2019-11-11 08:00:00",80.01,156.13,123.72,0,9.44
"571","2019-11-11 09:00:00",80.01,156.13,123.72,0,9.44
"572","2019-11-11 10:00:00",80.01,156.13,123.72,0,9.44
"573","2019-11-11 11:00:00",80.01,156.13,123.72,0,9.44
"574","2019-11-11 12:00:00",80.01,156.13,123.72,0,9.44
"575","2019-11-11 13:00:00",80.01,156.13,123.72,0,9.44
"576","2019-11-11 14:00:00",80.01,156.13,123.72,0,9.44
"577","2019-11-11 15:00:00",80.01,156.13,123.72,0,9.44
"578","2019-11-11 16:00:00",80.01,156.13,123.72,0,9.44
"579","2019-11-11 17:00:00",80.01,156.13,123.72,0,9.44
"580","2019-11-11 18:00:00",80.01,156.13,123.72,0,9.44
"581","2019-11-11 19:00:00",80.01,156.13,123.72,0,9.44
"582","2019-11-11 20:00:00",80.01,156.13,123.72,0,9.44
"583","2019-11-11 21:00:00",80.01,156.13,123.72,0,9.44
"584","2019-11-11 22:00:00",80.01,156.13,123.72,0,9.44
"585","2019-11-11 23:00:00",80.01,156.13,123.72,0,9.44
"586","2019-11-12 00:00:00",92.68,155.08,116,0,9.43
"587","2019-11-12 01:00:00",92.68,155.08,116,0,9.43
"588","2019-11-12 02:00:00",92.68,155.08,116,0,9.43
"589","2019-11-12 03:00:00",92.68,155.08,116,0,9.43
"590","2019-11-12 04:00:00",92.68,155.08,116,0,9.43
"591","2019-11-12 05:00:00",92.68,155.08,116,0,9.43
"592","2019-11-12 06:00:00",92.68,155.08,116,0,9.43
"593","2019-11-12 07:00:00",92.68,155.08,116,0,9.43
"594","2019-11-12 08:00:00",92.68,155.08,116,0,9.43
"595","2019-11-12 09:00:00",92.68,155.08,116,0,9.43
"596","2019-11-12 10:00:00",92.68,155.08,116,0,9.43
"597","2019-11-12 11:00:00",92.68,155.08,116,0,9.43
"598","2019-11-12 12:00:00",92.68,155.08,116,0,9.43
"599","2019-11-12 13:00:00",92.68,155.08,116,0,9.43
"600","2019-11-12 14:00:00",92.68,155.08,116,0,9.43
"601","2019-11-12 15:00:00",92.68,155.08,116,0,9.43
"602","2019-11-12 16:00:00",92.68,155.08,116,0,9.43
"603","2019-11-12 17:00:00",92.68,155.08,116,0,9.43
"604","2019-11-12 18:00:00",92.68,155.08,116,0,9.43
"605","2019-11-12 19:00:00",92.68,155.08,116,0,9.43
"606","2019-11-12 20:00:00",92.68,155.08,116,0,9.43
"607","2019-11-12 21:00:00",92.68,155.08,116,0,9.43
"608","2019-11-12 22:00:00",92.68,155.08,116,0,9.43
"609","2019-11-12 23:00:00",92.68,155.08,116,0,9.43
"610","2019-11-13 00:00:00",67.81,165.12,112.25,0,9.25
"611","2019-11-13 01:00:00",67.81,165.12,112.25,0,9.25
"612","2019-11-13 02:00:00",67.81,165.12,112.25,0,9.25
"613","2019-11-13 03:00:00",67.81,165.12,112.25,0,9.25
"614","2019-11-13 04:00:00",67.81,165.12,112.25,0,9.25
"615","2019-11-13 05:00:00",67.81,165.12,112.25,0,9.25
"616","2019-11-13 06:00:00",67.81,165.12,112.25,0,9.25
"617","2019-11-13 07:00:00",67.81,165.12,112.25,0,9.25
"618","2019-11-13 08:00:00",67.81,165.12,112.25,0,9.25
"619","2019-11-13 09:00:00",67.81,165.12,112.25,0,9.25
"620","2019-11-13 10:00:00",67.81,165.12,112.25,0,9.25
"621","2019-11-13 11:00:00",67.81,165.12,112.25,0,9.25
"622","2019-11-13 12:00:00",67.81,165.12,112.25,0,9.25
"623","2019-11-13 13:00:00",67.81,165.12,112.25,0,9.25
"624","2019-11-13 14:00:00",67.81,165.12,112.25,0,9.25
"625","2019-11-13 15:00:00",67.81,165.12,112.25,0,9.25
"626","2019-11-13 16:00:00",67.81,165.12,112.25,0,9.25
"627","2019-11-13 17:00:00",67.81,165.12,112.25,0,9.25
"628","2019-11-13 18:00:00",67.81,165.12,112.25,0,9.25
"629","2019-11-13 19:00:00",67.81,165.12,112.25,0,9.25
"630","2019-11-13 20:00:00",67.81,165.12,112.25,0,9.25
"631","2019-11-13 21:00:00",67.81,165.12,112.25,0,9.25
"632","2019-11-13 22:00:00",67.81,165.12,112.25,0,9.25
"633","2019-11-13 23:00:00",67.81,165.12,112.25,0,9.25
"634","2019-11-14 00:00:00",84.29,148.92,112.91,0,9.35
"635","2019-11-14 01:00:00",84.29,148.92,112.91,0,9.35
"636","2019-11-14 02:00:00",84.29,148.92,112.91,0,9.35
"637","2019-11-14 03:00:00",84.29,148.92,112.91,0,9.35
"638","2019-11-14 04:00:00",84.29,148.92,112.91,0,9.35
"639","2019-11-14 05:00:00",84.29,148.92,112.91,0,9.35
"640","2019-11-14 06:00:00",84.29,148.92,112.91,0,9.35
"641","2019-11-14 07:00:00",84.29,148.92,112.91,0,9.35
"642","2019-11-14 08:00:00",84.29,148.92,112.91,0,9.35
"643","2019-11-14 09:00:00",84.29,148.92,112.91,0,9.35
"644","2019-11-14 10:00:00",84.29,148.92,112.91,0,9.35
"645","2019-11-14 11:00:00",84.29,148.92,112.91,0,9.35
"646","2019-11-14 12:00:00",84.29,148.92,112.91,0,9.35
"647","2019-11-14 13:00:00",84.29,148.92,112.91,0,9.35
"648","2019-11-14 14:00:00",84.29,148.92,112.91,0,9.35
"649","2019-11-14 15:00:00",84.29,148.92,112.91,0,9.35
"650","2019-11-14 16:00:00",84.29,148.92,112.91,0,9.35
"651","2019-11-14 17:00:00",84.29,148.92,112.91,0,9.35
"652","2019-11-14 18:00:00",84.29,148.92,112.91,0,9.35
"653","2019-11-14 19:00:00",84.29,148.92,112.91,0,9.35
"654","2019-11-14 20:00:00",84.29,148.92,112.91,0,9.35
"655","2019-11-14 21:00:00",84.29,148.92,112.91,0,9.35
"656","2019-11-14 22:00:00",84.29,148.92,112.91,0,9.35
"657","2019-11-14 23:00:00",84.29,148.92,112.91,0,9.35
"658","2019-11-15 00:00:00",79.75,113.31,114.88,0,9.69
"659","2019-11-15 01:00:00",79.75,113.31,114.88,0,9.69
"660","2019-11-15 02:00:00",79.75,113.31,114.88,0,9.69
"661","2019-11-15 03:00:00",79.75,113.31,114.88,0,9.69
"662","2019-11-15 04:00:00",79.75,113.31,114.88,0,9.69
"663","2019-11-15 05:00:00",79.75,113.31,114.88,0,9.69
"664","2019-11-15 06:00:00",79.75,113.31,114.88,0,9.69
"665","2019-11-15 07:00:00",79.75,113.31,114.88,0,9.69
"666","2019-11-15 08:00:00",79.75,113.31,114.88,0,9.69
"667","2019-11-15 09:00:00",79.75,113.31,114.88,0,9.69
"668","2019-11-15 10:00:00",79.75,113.31,114.88,0,9.69
"669","2019-11-15 11:00:00",79.75,113.31,114.88,0,9.69
"670","2019-11-15 12:00:00",79.75,113.31,114.88,0,9.69
"671","2019-11-15 13:00:00",79.75,113.31,114.88,0,9.69
"672","2019-11-15 14:00:00",79.75,113.31,114.88,0,9.69
"673","2019-11-15 15:00:00",79.75,113.31,114.88,0,9.69
"674","2019-11-15 16:00:00",79.75,113.31,114.88,0,9.69
"675","2019-11-15 17:00:00",79.75,113.31,114.88,0,9.69
"676","2019-11-15 18:00:00",79.75,113.31,114.88,0,9.69
"677","2019-11-15 19:00:00",79.75,113.31,114.88,0,9.69
"678","2019-11-15 20:00:00",79.75,113.31,114.88,0,9.69
"679","2019-11-15 21:00:00",79.75,113.31,114.88,0,9.69
"680","2019-11-15 22:00:00",79.75,113.31,114.88,0,9.69
"681","2019-11-15 23:00:00",79.75,113.31,114.88,0,9.69
"682","2019-11-16 00:00:00",89.44,102.38,110.26,0,9.76
"683","2019-11-16 01:00:00",89.44,102.38,110.26,0,9.76
"684","2019-11-16 02:00:00",89.44,102.38,110.26,0,9.76
"685","2019-11-16 03:00:00",89.44,102.38,110.26,0,9.76
"686","2019-11-16 04:00:00",89.44,102.38,110.26,0,9.76
"687","2019-11-16 05:00:00",89.44,102.38,110.26,0,9.76
"688","2019-11-16 06:00:00",89.44,102.38,110.26,0,9.76
"689","2019-11-16 07:00:00",89.44,102.38,110.26,0,9.76
"690","2019-11-16 08:00:00",89.44,102.38,110.26,0,9.76
"691","2019-11-16 09:00:00",89.44,102.38,110.26,0,9.76
"692","2019-11-16 10:00:00",89.44,102.38,110.26,0,9.76
"693","2019-11-16 11:00:00",89.44,102.38,110.26,0,9.76
"694","2019-11-16 12:00:00",89.44,102.38,110.26,0,9.76
"695","2019-11-16 13:00:00",89.44,102.38,110.26,0,9.76
"696","2019-11-16 14:00:00",89.44,102.38,110.26,0,9.76
"697","2019-11-16 15:00:00",89.44,102.38,110.26,0,9.76
"698","2019-11-16 16:00:00",89.44,102.38,110.26,0,9.76
"699","2019-11-16 17:00:00",89.44,102.38,110.26,0,9.76
"700","2019-11-16 18:00:00",89.44,102.38,110.26,0,9.76
"701","2019-11-16 19:00:00",89.44,102.38,110.26,0,9.76
"702","2019-11-16 20:00:00",89.44,102.38,110.26,0,9.76
"703","2019-11-16 21:00:00",89.44,102.38,110.26,0,9.76
"704","2019-11-16 22:00:00",89.44,102.38,110.26,0,9.76
"705","2019-11-16 23:00:00",89.44,102.38,110.26,0,9.76
"706","2019-11-17 00:00:00",79.96,108.47,100.81,0,9.84
"707","2019-11-17 01:00:00",79.96,108.47,100.81,0,9.84
"708","2019-11-17 02:00:00",79.96,108.47,100.81,0,9.84
"709","2019-11-17 03:00:00",79.96,108.47,100.81,0,9.84
"710","2019-11-17 04:00:00",79.96,108.47,100.81,0,9.84
"711","2019-11-17 05:00:00",79.96,108.47,100.81,0,9.84
"712","2019-11-17 06:00:00",79.96,108.47,100.81,0,9.84
"713","2019-11-17 07:00:00",79.96,108.47,100.81,0,9.84
"714","2019-11-17 08:00:00",79.96,108.47,100.81,0,9.84
"715","2019-11-17 09:00:00",79.96,108.47,100.81,0,9.84
"716","2019-11-17 10:00:00",79.96,108.47,100.81,0,9.84
"717","2019-11-17 11:00:00",79.96,108.47,100.81,0,9.84
"718","2019-11-17 12:00:00",79.96,108.47,100.81,0,9.84
"719","2019-11-17 13:00:00",79.96,108.47,100.81,0,9.84
"720","2019-11-17 14:00:00",79.96,108.47,100.81,0,9.84
"721","2019-11-17 15:00:00",79.96,108.47,100.81,0,9.84
"722","2019-11-17 16:00:00",79.96,108.47,100.81,0,9.84
"723","2019-11-17 17:00:00",79.96,108.47,100.81,0,9.84
"724","2019-11-17 18:00:00",79.96,108.47,100.81,0,9.84
"725","2019-11-17 19:00:00",79.96,108.47,100.81,0,9.84
"726","2019-11-17 20:00:00",79.96,108.47,100.81,0,9.84
"727","2019-11-17 21:00:00",79.96,108.47,100.81,0,9.84
"728","2019-11-17 22:00:00",79.96,108.47,100.81,0,9.84
"729","2019-11-17 23:00:00",79.96,108.47,100.81,0,9.84
"730","2019-11-18 00:00:00",90.24,109.33,110.54,0,9.9
"731","2019-11-18 01:00:00",90.24,109.33,110.54,0,9.9
"732","2019-11-18 02:00:00",90.24,109.33,110.54,0,9.9
"733","2019-11-18 03:00:00",90.24,109.33,110.54,0,9.9
"734","2019-11-18 04:00:00",90.24,109.33,110.54,0,9.9
"735","2019-11-18 05:00:00",90.24,109.33,110.54,0,9.9
"736","2019-11-18 06:00:00",90.24,109.33,110.54,0,9.9
"737","2019-11-18 07:00:00",90.24,109.33,110.54,0,9.9
"738","2019-11-18 08:00:00",90.24,109.33,110.54,0,9.9
"739","2019-11-18 09:00:00",90.24,109.33,110.54,0,9.9
"740","2019-11-18 10:00:00",90.24,109.33,110.54,0,9.9
"741","2019-11-18 11:00:00",90.24,109.33,110.54,0,9.9
"742","2019-11-18 12:00:00",90.24,109.33,110.54,0,9.9
"743","2019-11-18 13:00:00",90.24,109.33,110.54,0,9.9
"744","2019-11-18 14:00:00",90.24,109.33,110.54,0,9.9
"745","2019-11-18 15:00:00",90.24,109.33,110.54,0,9.9
"746","2019-11-18 16:00:00",90.24,109.33,110.54,0,9.9
"747","2019-11-18 17:00:00",90.24,109.33,110.54,0,9.9
"748","2019-11-18 18:00:00",90.24,109.33,110.54,0,9.9
"749","2019-11-18 19:00:00",90.24,109.33,110.54,0,9.9
"750","2019-11-18 20:00:00",90.24,109.33,110.54,0,9.9
"751","2019-11-18 21:00:00",90.24,109.33,110.54,0,9.9
"752","2019-11-18 22:00:00",90.24,109.33,110.54,0,9.9
"753","2019-11-18 23:00:00",90.24,109.33,110.54,0,9.9
"754","2019-11-19 00:00:00",95.57,104.91,139.52,0,9.98
"755","2019-11-19 01:00:00",95.57,104.91,139.52,0,9.98
"756","2019-11-19 02:00:00",95.57,104.91,139.52,0,9.98
"757","2019-11-19 03:00:00",95.57,104.91,139.52,0,9.98
"758","2019-11-19 04:00:00",95.57,104.91,139.52,0,9.98
"759","2019-11-19 05:00:00",95.57,104.91,139.52,0,9.98
"760","2019-11-19 06:00:00",95.57,104.91,139.52,0,9.98
"761","2019-11-19 07:00:00",95.57,104.91,139.52,0,9.98
"762","2019-11-19 08:00:00",95.57,104.91,139.52,0,9.98
"763","2019-11-19 09:00:00",95.57,104.91,139.52,0,9.98
"764","2019-11-19 10:00:00",95.57,104.91,139.52,0,9.98
"765","2019-11-19 11:00:00",95.57,104.91,139.52,0,9.98
"766","2019-11-19 12:00:00",95.57,104.91,139.52,0,9.98
"767","2019-11-19 13:00:00",95.57,104.91,139.52,0,9.98
"768","2019-11-19 14:00:00",95.57,104.91,139.52,0,9.98
"769","2019-11-19 15:00:00",95.57,104.91,139.52,0,9.98
"770","2019-11-19 16:00:00",95.57,104.91,139.52,0,9.98
"771","2019-11-19 17:00:00",95.57,104.91,139.52,0,9.98
"772","2019-11-19 18:00:00",95.57,104.91,139.52,0,9.98
"773","2019-11-19 19:00:00",95.57,104.91,139.52,0,9.98
"774","2019-11-19 20:00:00",95.57,104.91,139.52,0,9.98
"775","2019-11-19 21:00:00",95.57,104.91,139.52,0,9.98
"776","2019-11-19 22:00:00",95.57,104.91,139.52,0,9.98
"777","2019-11-19 23:00:00",95.57,104.91,139.52,0,9.98
"778","2019-11-20 00:00:00",98.89,105.8,140.54,0,10.06
"779","2019-11-20 01:00:00",98.89,105.8,140.54,0,10.06
"780","2019-11-20 02:00:00",98.89,105.8,140.54,0,10.06
"781","2019-11-20 03:00:00",98.89,105.8,140.54,0,10.06
"782","2019-11-20 04:00:00",98.89,105.8,140.54,0,10.06
"783","2019-11-20 05:00:00",98.89,105.8,140.54,0,10.06
"784","2019-11-20 06:00:00",98.89,105.8,140.54,0,10.06
"785","2019-11-20 07:00:00",98.89,105.8,140.54,0,10.06
"786","2019-11-20 08:00:00",98.89,105.8,140.54,0,10.06
"787","2019-11-20 09:00:00",98.89,105.8,140.54,0,10.06
"788","2019-11-20 10:00:00",98.89,105.8,140.54,0,10.06
"789","2019-11-20 11:00:00",98.89,105.8,140.54,0,10.06
"790","2019-11-20 12:00:00",98.89,105.8,140.54,0,10.06
"791","2019-11-20 13:00:00",98.89,105.8,140.54,0,10.06
"792","2019-11-20 14:00:00",98.89,105.8,140.54,0,10.06
"793","2019-11-20 15:00:00",98.89,105.8,140.54,0,10.06
"794","2019-11-20 16:00:00",98.89,105.8,140.54,0,10.06
"795","2019-11-20 17:00:00",98.89,105.8,140.54,0,10.06
"796","2019-11-20 18:00:00",98.89,105.8,140.54,0,10.06
"797","2019-11-20 19:00:00",98.89,105.8,140.54,0,10.06
"798","2019-11-20 20:00:00",98.89,105.8,140.54,0,10.06
"799","2019-11-20 21:00:00",98.89,105.8,140.54,0,10.06
"800","2019-11-20 22:00:00",98.89,105.8,140.54,0,10.06
"801","2019-11-20 23:00:00",98.89,105.8,140.54,0,10.06
"802","2019-11-21 00:00:00",101.34,107.16,141.49,0,10.22
"803","2019-11-21 01:00:00",101.34,107.16,141.49,0,10.22
"804","2019-11-21 02:00:00",101.34,107.16,141.49,0,10.22
"805","2019-11-21 03:00:00",101.34,107.16,141.49,0,10.22
"806","2019-11-21 04:00:00",101.34,107.16,141.49,0,10.22
"807","2019-11-21 05:00:00",101.34,107.16,141.49,0,10.22
"808","2019-11-21 06:00:00",101.34,107.16,141.49,0,10.22
"809","2019-11-21 07:00:00",101.34,107.16,141.49,0,10.22
"810","2019-11-21 08:00:00",101.34,107.16,141.49,0,10.22
"811","2019-11-21 09:00:00",101.34,107.16,141.49,0,10.22
"812","2019-11-21 10:00:00",101.34,107.16,141.49,0,10.22
"813","2019-11-21 11:00:00",101.34,107.16,141.49,0,10.22
"814","2019-11-21 12:00:00",101.34,107.16,141.49,0,10.22
"815","2019-11-21 13:00:00",101.34,107.16,141.49,0,10.22
"816","2019-11-21 14:00:00",101.34,107.16,141.49,0,10.22
"817","2019-11-21 15:00:00",101.34,107.16,141.49,0,10.22
"818","2019-11-21 16:00:00",101.34,107.16,141.49,0,10.22
"819","2019-11-21 17:00:00",101.34,107.16,141.49,0,10.22
"820","2019-11-21 18:00:00",101.34,107.16,141.49,0,10.22
"821","2019-11-21 19:00:00",101.34,107.16,141.49,0,10.22
"822","2019-11-21 20:00:00",101.34,107.16,141.49,0,10.22
"823","2019-11-21 21:00:00",101.34,107.16,141.49,0,10.22
"824","2019-11-21 22:00:00",101.34,107.16,141.49,0,10.22
"825","2019-11-21 23:00:00",101.34,107.16,141.49,0,10.22
"826","2019-11-22 00:00:00",102.12,108.14,143.9,0,10.21
"827","2019-11-22 01:00:00",102.12,108.14,143.9,0,10.21
"828","2019-11-22 02:00:00",102.12,108.14,143.9,0,10.21
"829","2019-11-22 03:00:00",102.12,108.14,143.9,0,10.21
"830","2019-11-22 04:00:00",102.12,108.14,143.9,0,10.21
"831","2019-11-22 05:00:00",102.12,108.14,143.9,0,10.21
"832","2019-11-22 06:00:00",102.12,108.14,143.9,0,10.21
"833","2019-11-22 07:00:00",102.12,108.14,143.9,0,10.21
"834","2019-11-22 08:00:00",102.12,108.14,143.9,0,10.21
"835","2019-11-22 09:00:00",102.12,108.14,143.9,0,10.21
"836","2019-11-22 10:00:00",102.12,108.14,143.9,0,10.21
"837","2019-11-22 11:00:00",102.12,108.14,143.9,0,10.21
"838","2019-11-22 12:00:00",102.12,108.14,143.9,0,10.21
"839","2019-11-22 13:00:00",102.12,108.14,143.9,0,10.21
"840","2019-11-22 14:00:00",102.12,108.14,143.9,0,10.21
"841","2019-11-22 15:00:00",102.12,108.14,143.9,0,10.21
"842","2019-11-22 16:00:00",102.12,108.14,143.9,0,10.21
"843","2019-11-22 17:00:00",102.12,108.14,143.9,0,10.21
"844","2019-11-22 18:00:00",102.12,108.14,143.9,0,10.21
"845","2019-11-22 19:00:00",102.12,108.14,143.9,0,10.21
"846","2019-11-22 20:00:00",102.12,108.14,143.9,0,10.21
"847","2019-11-22 21:00:00",102.12,108.14,143.9,0,10.21
"848","2019-11-22 22:00:00",102.12,108.14,143.9,0,10.21
"849","2019-11-22 23:00:00",102.12,108.14,143.9,0,10.21
"850","2019-11-23 00:00:00",97.13,107.72,136.53,0,9.71
"851","2019-11-23 01:00:00",97.13,107.72,136.53,0,9.71
"852","2019-11-23 02:00:00",97.13,107.72,136.53,0,9.71
"853","2019-11-23 03:00:00",97.13,107.72,136.53,0,9.71
"854","2019-11-23 04:00:00",97.13,107.72,136.53,0,9.71
"855","2019-11-23 05:00:00",97.13,107.72,136.53,0,9.71
"856","2019-11-23 06:00:00",97.13,107.72,136.53,0,9.71
"857","2019-11-23 07:00:00",97.13,107.72,136.53,0,9.71
"858","2019-11-23 08:00:00",97.13,107.72,136.53,0,9.71
"859","2019-11-23 09:00:00",97.13,107.72,136.53,0,9.71
"860","2019-11-23 10:00:00",97.13,107.72,136.53,0,9.71
"861","2019-11-23 11:00:00",97.13,107.72,136.53,0,9.71
"862","2019-11-23 12:00:00",97.13,107.72,136.53,0,9.71
"863","2019-11-23 13:00:00",97.13,107.72,136.53,0,9.71
"864","2019-11-23 14:00:00",97.13,107.72,136.53,0,9.71
"865","2019-11-23 15:00:00",97.13,107.72,136.53,0,9.71
"866","2019-11-23 16:00:00",97.13,107.72,136.53,0,9.71
"867","2019-11-23 17:00:00",97.13,107.72,136.53,0,9.71
"868","2019-11-23 18:00:00",97.13,107.72,136.53,0,9.71
"869","2019-11-23 19:00:00",97.13,107.72,136.53,0,9.71
"870","2019-11-23 20:00:00",97.13,107.72,136.53,0,9.71
"871","2019-11-23 21:00:00",97.13,107.72,136.53,0,9.71
"872","2019-11-23 22:00:00",97.13,107.72,136.53,0,9.71
"873","2019-11-23 23:00:00",97.13,107.72,136.53,0,9.71
"874","2019-11-24 00:00:00",80.79,105.16,116.03,0,8.52
"875","2019-11-24 01:00:00",80.79,105.16,116.03,0,8.52
"876","2019-11-24 02:00:00",80.79,105.16,116.03,0,8.52
"877","2019-11-24 03:00:00",80.79,105.16,116.03,0,8.52
"878","2019-11-24 04:00:00",80.79,105.16,116.03,0,8.52
"879","2019-11-24 05:00:00",80.79,105.16,116.03,0,8.52
"880","2019-11-24 06:00:00",80.79,105.16,116.03,0,8.52
"881","2019-11-24 07:00:00",80.79,105.16,116.03,0,8.52
"882","2019-11-24 08:00:00",80.79,105.16,116.03,0,8.52
"883","2019-11-24 09:00:00",80.79,105.16,116.03,0,8.52
"884","2019-11-24 10:00:00",80.79,105.16,116.03,0,8.52
"885","2019-11-24 11:00:00",80.79,105.16,116.03,0,8.52
"886","2019-11-24 12:00:00",80.79,105.16,116.03,0,8.52
"887","2019-11-24 13:00:00",80.79,105.16,116.03,0,8.52
"888","2019-11-24 14:00:00",80.79,105.16,116.03,0,8.52
"889","2019-11-24 15:00:00",80.79,105.16,116.03,0,8.52
"890","2019-11-24 16:00:00",80.79,105.16,116.03,0,8.52
"891","2019-11-24 17:00:00",80.79,105.16,116.03,0,8.52
"892","2019-11-24 18:00:00",80.79,105.16,116.03,0,8.52
"893","2019-11-24 19:00:00",80.79,105.16,116.03,0,8.52
"894","2019-11-24 20:00:00",80.79,105.16,116.03,0,8.52
"895","2019-11-24 21:00:00",80.79,105.16,116.03,0,8.52
"896","2019-11-24 22:00:00",80.79,105.16,116.03,0,8.52
"897","2019-11-24 23:00:00",80.79,105.16,116.03,0,8.52
"898","2019-11-25 00:00:00",81.88,103.04,122.35,0,8.58
"899","2019-11-25 01:00:00",81.88,103.04,122.35,0,8.58
"900","2019-11-25 02:00:00",81.88,103.04,122.35,0,8.58
"901","2019-11-25 03:00:00",81.88,103.04,122.35,0,8.58
"902","2019-11-25 04:00:00",81.88,103.04,122.35,0,8.58
"903","2019-11-25 05:00:00",81.88,103.04,122.35,0,8.58
"904","2019-11-25 06:00:00",81.88,103.04,122.35,0,8.58
"905","2019-11-25 07:00:00",81.88,103.04,122.35,0,8.58
"906","2019-11-25 08:00:00",81.88,103.04,122.35,0,8.58
"907","2019-11-25 09:00:00",81.88,103.04,122.35,0,8.58
"908","2019-11-25 10:00:00",81.88,103.04,122.35,0,8.58
"909","2019-11-25 11:00:00",81.88,103.04,122.35,0,8.58
"910","2019-11-25 12:00:00",81.88,103.04,122.35,0,8.58
"911","2019-11-25 13:00:00",81.88,103.04,122.35,0,8.58
"912","2019-11-25 14:00:00",81.88,103.04,122.35,0,8.58
"913","2019-11-25 15:00:00",81.88,103.04,122.35,0,8.58
"914","2019-11-25 16:00:00",81.88,103.04,122.35,0,8.58
"915","2019-11-25 17:00:00",81.88,103.04,122.35,0,8.58
"916","2019-11-25 18:00:00",81.88,103.04,122.35,0,8.58
"917","2019-11-25 19:00:00",81.88,103.04,122.35,0,8.58
"918","2019-11-25 20:00:00",81.88,103.04,122.35,0,8.58
"919","2019-11-25 21:00:00",81.88,103.04,122.35,0,8.58
"920","2019-11-25 22:00:00",81.88,103.04,122.35,0,8.58
"921","2019-11-25 23:00:00",81.88,103.04,122.35,0,8.58
"922","2019-11-26 00:00:00",75.59,99.29,126.76,0,8.69
"923","2019-11-26 01:00:00",75.59,99.29,126.76,0,8.69
"924","2019-11-26 02:00:00",75.59,99.29,126.76,0,8.69
"925","2019-11-26 03:00:00",75.59,99.29,126.76,0,8.69
"926","2019-11-26 04:00:00",75.59,99.29,126.76,0,8.69
"927","2019-11-26 05:00:00",75.59,99.29,126.76,0,8.69
"928","2019-11-26 06:00:00",75.59,99.29,126.76,0,8.69
"929","2019-11-26 07:00:00",75.59,99.29,126.76,0,8.69
"930","2019-11-26 08:00:00",75.59,99.29,126.76,0,8.69
"931","2019-11-26 09:00:00",75.59,99.29,126.76,0,8.69
"932","2019-11-26 10:00:00",75.59,99.29,126.76,0,8.69
"933","2019-11-26 11:00:00",75.59,99.29,126.76,0,8.69
"934","2019-11-26 12:00:00",75.59,99.29,126.76,0,8.69
"935","2019-11-26 13:00:00",75.59,99.29,126.76,0,8.69
"936","2019-11-26 14:00:00",75.59,99.29,126.76,0,8.69
"937","2019-11-26 15:00:00",75.59,99.29,126.76,0,8.69
"938","2019-11-26 16:00:00",75.59,99.29,126.76,0,8.69
"939","2019-11-26 17:00:00",75.59,99.29,126.76,0,8.69
"940","2019-11-26 18:00:00",75.59,99.29,126.76,0,8.69
"941","2019-11-26 19:00:00",75.59,99.29,126.76,0,8.69
"942","2019-11-26 20:00:00",75.59,99.29,126.76,0,8.69
"943","2019-11-26 21:00:00",75.59,99.29,126.76,0,8.69
"944","2019-11-26 22:00:00",75.59,99.29,126.76,0,8.69
"945","2019-11-26 23:00:00",75.59,99.29,126.76,0,8.69
"946","2019-11-27 00:00:00",75.57,101.79,127.15,0,8.35
"947","2019-11-27 01:00:00",75.57,101.79,127.15,0,8.35
"948","2019-11-27 02:00:00",75.57,101.79,127.15,0,8.35
"949","2019-11-27 03:00:00",75.57,101.79,127.15,0,8.35
"950","2019-11-27 04:00:00",75.57,101.79,127.15,0,8.35
"951","2019-11-27 05:00:00",75.57,101.79,127.15,0,8.35
"952","2019-11-27 06:00:00",75.57,101.79,127.15,0,8.35
"953","2019-11-27 07:00:00",75.57,101.79,127.15,0,8.35
"954","2019-11-27 08:00:00",75.57,101.79,127.15,0,8.35
"955","2019-11-27 09:00:00",75.57,101.79,127.15,0,8.35
"956","2019-11-27 10:00:00",75.57,101.79,127.15,0,8.35
"957","2019-11-27 11:00:00",75.57,101.79,127.15,0,8.35
"958","2019-11-27 12:00:00",75.57,101.79,127.15,0,8.35
"959","2019-11-27 13:00:00",75.57,101.79,127.15,0,8.35
"960","2019-11-27 14:00:00",75.57,101.79,127.15,0,8.35
"961","2019-11-27 15:00:00",75.57,101.79,127.15,0,8.35
"962","2019-11-27 16:00:00",75.57,101.79,127.15,0,8.35
"963","2019-11-27 17:00:00",75.57,101.79,127.15,0,8.35
"964","2019-11-27 18:00:00",75.57,101.79,127.15,0,8.35
"965","2019-11-27 19:00:00",75.57,101.79,127.15,0,8.35
"966","2019-11-27 20:00:00",75.57,101.79,127.15,0,8.35
"967","2019-11-27 21:00:00",75.57,101.79,127.15,0,8.35
"968","2019-11-27 22:00:00",75.57,101.79,127.15,0,8.35
"969","2019-11-27 23:00:00",75.57,101.79,127.15,0,8.35
"970","2019-11-28 00:00:00",76.25,100.7,126.04,0,8.41
"971","2019-11-28 01:00:00",76.25,100.7,126.04,0,8.41
"972","2019-11-28 02:00:00",76.25,100.7,126.04,0,8.41
"973","2019-11-28 03:00:00",76.25,100.7,126.04,0,8.41
"974","2019-11-28 04:00:00",76.25,100.7,126.04,0,8.41
"975","2019-11-28 05:00:00",76.25,100.7,126.04,0,8.41
"976","2019-11-28 06:00:00",76.25,100.7,126.04,0,8.41
"977","2019-11-28 07:00:00",76.25,100.7,126.04,0,8.41
"978","2019-11-28 08:00:00",76.25,100.7,126.04,0,8.41
"979","2019-11-28 09:00:00",76.25,100.7,126.04,0,8.41
"980","2019-11-28 10:00:00",76.25,100.7,126.04,0,8.41
"981","2019-11-28 11:00:00",76.25,100.7,126.04,0,8.41
"982","2019-11-28 12:00:00",76.25,100.7,126.04,0,8.41
"983","2019-11-28 13:00:00",76.25,100.7,126.04,0,8.41
"984","2019-11-28 14:00:00",76.25,100.7,126.04,0,8.41
"985","2019-11-28 15:00:00",76.25,100.7,126.04,0,8.41
"986","2019-11-28 16:00:00",76.25,100.7,126.04,0,8.41
"987","2019-11-28 17:00:00",76.25,100.7,126.04,0,8.41
"988","2019-11-28 18:00:00",76.25,100.7,126.04,0,8.41
"989","2019-11-28 19:00:00",76.25,100.7,126.04,0,8.41
"990","2019-11-28 20:00:00",76.25,100.7,126.04,0,8.41
"991","2019-11-28 21:00:00",76.25,100.7,126.04,0,8.41
"992","2019-11-28 22:00:00",76.25,100.7,126.04,0,8.41
"993","2019-11-28 23:00:00",76.25,100.7,126.04,0,8.41
"994","2019-11-29 00:00:00",76.33,97.9,125.44,0,8.38
"995","2019-11-29 01:00:00",76.33,97.9,125.44,0,8.38
"996","2019-11-29 02:00:00",76.33,97.9,125.44,0,8.38
"997","2019-11-29 03:00:00",76.33,97.9,125.44,0,8.38
"998","2019-11-29 04:00:00",76.33,97.9,125.44,0,8.38
"999","2019-11-29 05:00:00",76.33,97.9,125.44,0,8.38
"1000","2019-11-29 06:00:00",76.33,97.9,125.44,0,8.38
"1001","2019-11-29 07:00:00",76.33,97.9,125.44,0,8.38
"1002","2019-11-29 08:00:00",76.33,97.9,125.44,0,8.38
"1003","2019-11-29 09:00:00",76.33,97.9,125.44,0,8.38
"1004","2019-11-29 10:00:00",76.33,97.9,125.44,0,8.38
"1005","2019-11-29 11:00:00",76.33,97.9,125.44,0,8.38
"1006","2019-11-29 12:00:00",76.33,97.9,125.44,0,8.38
"1007","2019-11-29 13:00:00",76.33,97.9,125.44,0,8.38
"1008","2019-11-29 14:00:00",76.33,97.9,125.44,0,8.38
"1009","2019-11-29 15:00:00",76.33,97.9,125.44,0,8.38
"1010","2019-11-29 16:00:00",76.33,97.9,125.44,0,8.38
"1011","2019-11-29 17:00:00",76.33,97.9,125.44,0,8.38
"1012","2019-11-29 18:00:00",76.33,97.9,125.44,0,8.38
"1013","2019-11-29 19:00:00",76.33,97.9,125.44,0,8.38
"1014","2019-11-29 20:00:00",76.33,97.9,125.44,0,8.38
"1015","2019-11-29 21:00:00",76.33,97.9,125.44,0,8.38
"1016","2019-11-29 22:00:00",76.33,97.9,125.44,0,8.38
"1017","2019-11-29 23:00:00",76.33,97.9,125.44,0,8.38
"1018","2019-11-30 00:00:00",76.17,98.95,118.97,0,8.59
"1019","2019-11-30 01:00:00",76.17,98.95,118.97,0,8.59
"1020","2019-11-30 02:00:00",76.17,98.95,118.97,0,8.59
"1021","2019-11-30 03:00:00",76.17,98.95,118.97,0,8.59
"1022","2019-11-30 04:00:00",76.17,98.95,118.97,0,8.59
"1023","2019-11-30 05:00:00",76.17,98.95,118.97,0,8.59
"1024","2019-11-30 06:00:00",76.17,98.95,118.97,0,8.59
"1025","2019-11-30 07:00:00",76.17,98.95,118.97,0,8.59
"1026","2019-11-30 08:00:00",76.17,98.95,118.97,0,8.59
"1027","2019-11-30 09:00:00",76.17,98.95,118.97,0,8.59
"1028","2019-11-30 10:00:00",76.17,98.95,118.97,0,8.59
"1029","2019-11-30 11:00:00",76.17,98.95,118.97,0,8.59
"1030","2019-11-30 12:00:00",76.17,98.95,118.97,0,8.59
"1031","2019-11-30 13:00:00",76.17,98.95,118.97,0,8.59
"1032","2019-11-30 14:00:00",76.17,98.95,118.97,0,8.59
"1033","2019-11-30 15:00:00",76.17,98.95,118.97,0,8.59
"1034","2019-11-30 16:00:00",76.17,98.95,118.97,0,8.59
"1035","2019-11-30 17:00:00",76.17,98.95,118.97,0,8.59
"1036","2019-11-30 18:00:00",76.17,98.95,118.97,0,8.59
"1037","2019-11-30 19:00:00",76.17,98.95,118.97,0,8.59
"1038","2019-11-30 20:00:00",76.17,98.95,118.97,0,8.59
"1039","2019-11-30 21:00:00",76.17,98.95,118.97,0,8.59
"1040","2019-11-30 22:00:00",76.17,98.95,118.97,0,8.59
"1041","2019-11-30 23:00:00",76.17,98.95,118.97,0,8.59
"1042","2019-12-01 00:00:00",80.3,104.74,113.87,0,8.43
"1043","2019-12-01 01:00:00",80.3,104.74,113.87,0,8.43
"1044","2019-12-01 02:00:00",80.3,104.74,113.87,0,8.43
"1045","2019-12-01 03:00:00",80.3,104.74,113.87,0,8.43
"1046","2019-12-01 04:00:00",80.3,104.74,113.87,0,8.43
"1047","2019-12-01 05:00:00",80.3,104.74,113.87,0,8.43
"1048","2019-12-01 06:00:00",80.3,104.74,113.87,0,8.43
"1049","2019-12-01 07:00:00",80.3,104.74,113.87,0,8.43
"1050","2019-12-01 08:00:00",80.3,104.74,113.87,0,8.43
"1051","2019-12-01 09:00:00",80.3,104.74,113.87,0,8.43
"1052","2019-12-01 10:00:00",80.3,104.74,113.87,0,8.43
"1053","2019-12-01 11:00:00",80.3,104.74,113.87,0,8.43
"1054","2019-12-01 12:00:00",80.3,104.74,113.87,0,8.43
"1055","2019-12-01 13:00:00",80.3,104.74,113.87,0,8.43
"1056","2019-12-01 14:00:00",80.3,104.74,113.87,0,8.43
"1057","2019-12-01 15:00:00",80.3,104.74,113.87,0,8.43
"1058","2019-12-01 16:00:00",80.3,104.74,113.87,0,8.43
"1059","2019-12-01 17:00:00",80.3,104.74,113.87,0,8.43
"1060","2019-12-01 18:00:00",80.3,104.74,113.87,0,8.43
"1061","2019-12-01 19:00:00",80.3,104.74,113.87,0,8.43
"1062","2019-12-01 20:00:00",80.3,104.74,113.87,0,8.43
"1063","2019-12-01 21:00:00",80.3,104.74,113.87,0,8.43
"1064","2019-12-01 22:00:00",80.3,104.74,113.87,0,8.43
"1065","2019-12-01 23:00:00",80.3,104.74,113.87,0,8.43
"1066","2019-12-02 00:00:00",80.33,104.93,119.58,0,8.46
"1067","2019-12-02 01:00:00",80.33,104.93,119.58,0,8.46
"1068","2019-12-02 02:00:00",80.33,104.93,119.58,0,8.46
"1069","2019-12-02 03:00:00",80.33,104.93,119.58,0,8.46
"1070","2019-12-02 04:00:00",80.33,104.93,119.58,0,8.46
"1071","2019-12-02 05:00:00",80.33,104.93,119.58,0,8.46
"1072","2019-12-02 06:00:00",80.33,104.93,119.58,0,8.46
"1073","2019-12-02 07:00:00",80.33,104.93,119.58,0,8.46
"1074","2019-12-02 08:00:00",80.33,104.93,119.58,0,8.46
"1075","2019-12-02 09:00:00",80.33,104.93,119.58,0,8.46
"1076","2019-12-02 10:00:00",80.33,104.93,119.58,0,8.46
"1077","2019-12-02 11:00:00",80.33,104.93,119.58,0,8.46
"1078","2019-12-02 12:00:00",80.33,104.93,119.58,0,8.46
"1079","2019-12-02 13:00:00",80.33,104.93,119.58,0,8.46
"1080","2019-12-02 14:00:00",80.33,104.93,119.58,0,8.46
"1081","2019-12-02 15:00:00",80.33,104.93,119.58,0,8.46
"1082","2019-12-02 16:00:00",80.33,104.93,119.58,0,8.46
"1083","2019-12-02 17:00:00",80.33,104.93,119.58,0,8.46
"1084","2019-12-02 18:00:00",80.33,104.93,119.58,0,8.46
"1085","2019-12-02 19:00:00",80.33,104.93,119.58,0,8.46
"1086","2019-12-02 20:00:00",80.33,104.93,119.58,0,8.46
"1087","2019-12-02 21:00:00",80.33,104.93,119.58,0,8.46
"1088","2019-12-02 22:00:00",80.33,104.93,119.58,0,8.46
"1089","2019-12-02 23:00:00",80.33,104.93,119.58,0,8.46
